-- MySQL dump 10.13  Distrib 8.0.21, for Win64 (x86_64)
--
-- Host: localhost    Database: blog
-- ------------------------------------------------------
-- Server version	8.0.21

/*!40101 SET @OLD_CHARACTER_SET_CLIENT=@@CHARACTER_SET_CLIENT */;
/*!40101 SET @OLD_CHARACTER_SET_RESULTS=@@CHARACTER_SET_RESULTS */;
/*!40101 SET @OLD_COLLATION_CONNECTION=@@COLLATION_CONNECTION */;
/*!50503 SET NAMES utf8 */;
/*!40103 SET @OLD_TIME_ZONE=@@TIME_ZONE */;
/*!40103 SET TIME_ZONE='+00:00' */;
/*!40014 SET @OLD_UNIQUE_CHECKS=@@UNIQUE_CHECKS, UNIQUE_CHECKS=0 */;
/*!40014 SET @OLD_FOREIGN_KEY_CHECKS=@@FOREIGN_KEY_CHECKS, FOREIGN_KEY_CHECKS=0 */;
/*!40101 SET @OLD_SQL_MODE=@@SQL_MODE, SQL_MODE='NO_AUTO_VALUE_ON_ZERO' */;
/*!40111 SET @OLD_SQL_NOTES=@@SQL_NOTES, SQL_NOTES=0 */;

--
-- Table structure for table `captcha_codes`
--

DROP TABLE IF EXISTS `captcha_codes`;
/*!40101 SET @saved_cs_client     = @@character_set_client */;
/*!50503 SET character_set_client = utf8mb4 */;
CREATE TABLE `captcha_codes` (
  `id` int NOT NULL AUTO_INCREMENT COMMENT 'id каптча',
  `time` datetime NOT NULL COMMENT 'дата и время генерации кода капчи',
  `code` tinytext NOT NULL COMMENT 'код, отображаемый на картинкке капчи',
  `secret_code` tinytext NOT NULL COMMENT 'код, передаваемый в параметре',
  PRIMARY KEY (`id`)
) ENGINE=InnoDB DEFAULT CHARSET=utf8mb4 COLLATE=utf8mb4_0900_ai_ci;
/*!40101 SET character_set_client = @saved_cs_client */;

--
-- Dumping data for table `captcha_codes`
--

LOCK TABLES `captcha_codes` WRITE;
/*!40000 ALTER TABLE `captcha_codes` DISABLE KEYS */;
/*!40000 ALTER TABLE `captcha_codes` ENABLE KEYS */;
UNLOCK TABLES;

--
-- Table structure for table `databasechangelog`
--

DROP TABLE IF EXISTS `databasechangelog`;
/*!40101 SET @saved_cs_client     = @@character_set_client */;
/*!50503 SET character_set_client = utf8mb4 */;
CREATE TABLE `databasechangelog` (
  `ID` varchar(255) NOT NULL,
  `AUTHOR` varchar(255) NOT NULL,
  `FILENAME` varchar(255) NOT NULL,
  `DATEEXECUTED` datetime NOT NULL,
  `ORDEREXECUTED` int NOT NULL,
  `EXECTYPE` varchar(10) NOT NULL,
  `MD5SUM` varchar(35) DEFAULT NULL,
  `DESCRIPTION` varchar(255) DEFAULT NULL,
  `COMMENTS` varchar(255) DEFAULT NULL,
  `TAG` varchar(255) DEFAULT NULL,
  `LIQUIBASE` varchar(20) DEFAULT NULL,
  `CONTEXTS` varchar(255) DEFAULT NULL,
  `LABELS` varchar(255) DEFAULT NULL,
  `DEPLOYMENT_ID` varchar(10) DEFAULT NULL
) ENGINE=InnoDB DEFAULT CHARSET=utf8mb4 COLLATE=utf8mb4_0900_ai_ci;
/*!40101 SET character_set_client = @saved_cs_client */;

--
-- Dumping data for table `databasechangelog`
--

LOCK TABLES `databasechangelog` WRITE;
/*!40000 ALTER TABLE `databasechangelog` DISABLE KEYS */;
INSERT INTO `databasechangelog` VALUES ('1','MinenkoVS','src/main/resources/db/changelog/db.changelog-master.xml','2021-02-06 15:39:14',1,'EXECUTED','8:a65a0e7f01065ca4adb7cea9e45e72b0','tagDatabase','','db_init','4.2.2',NULL,NULL,'2607954398'),('2','MinenkoVS','src/main/resources/db/changelog/v-1.0/01-changeset-captcha_codes-table.xml','2021-02-06 15:39:14',2,'EXECUTED','8:fe4baaea3700352347ee0fed189a8646','sqlFile','',NULL,'4.2.2',NULL,NULL,'2607954398'),('3','MinenkoVS','src/main/resources/db/changelog/v-1.0/10-changeset-global_settings-table.xml','2021-02-06 15:39:14',3,'EXECUTED','8:8016745330cfa861669ee904e2f44cb3','sqlFile','',NULL,'4.2.2',NULL,NULL,'2607954398'),('4','MinenkoVS','src/main/resources/db/changelog/v-1.0/20-changeset-post_comments-table.xml','2021-02-06 15:39:14',4,'EXECUTED','8:cef6cb4c744269716d46db4686e50017','sqlFile','',NULL,'4.2.2',NULL,NULL,'2607954398'),('5','MinenkoVS','src/main/resources/db/changelog/v-1.0/30-changeset-posts-table.xml','2021-02-06 15:39:14',5,'EXECUTED','8:4af763c9db012e1f74dbc950e7674a21','sqlFile','',NULL,'4.2.2',NULL,NULL,'2607954398'),('6','MinenkoVS','src/main/resources/db/changelog/v-1.0/40-changeset-post_votes-table.xml','2021-02-06 15:39:14',6,'EXECUTED','8:bc9b3d22fa4e72f2ff42461c88d2a9ba','sqlFile','',NULL,'4.2.2',NULL,NULL,'2607954398'),('7','MinenkoVS','src/main/resources/db/changelog/v-1.0/50-changeset-tags-table.xml','2021-02-06 15:39:14',7,'EXECUTED','8:bec78986183571ff3ee588873938dc41','sqlFile','',NULL,'4.2.2',NULL,NULL,'2607954398'),('8','MinenkoVS','src/main/resources/db/changelog/v-1.0/60-changeset-user-table.xml','2021-02-06 15:39:14',8,'EXECUTED','8:4419fe17faa1ad8e90959c9f725a0073','sqlFile','',NULL,'4.2.2',NULL,NULL,'2607954398'),('9','MinenkoVS','src/main/resources/db/changelog/v-1.0/70-changeset-post_tags-table.xml','2021-02-06 15:39:14',9,'EXECUTED','8:e609e0aa72bed9d172710203deae51cc','sqlFile','',NULL,'4.2.2',NULL,NULL,'2607954398'),('10','MinenkoVS','src/main/resources/db/changelog/db.changelog-master.xml','2021-02-06 15:39:14',10,'EXECUTED','8:8875910fb45a0fdaa593486dec99957f','tagDatabase','','v-1.0','4.2.2',NULL,NULL,'2607954398');
/*!40000 ALTER TABLE `databasechangelog` ENABLE KEYS */;
UNLOCK TABLES;

--
-- Table structure for table `databasechangeloglock`
--

DROP TABLE IF EXISTS `databasechangeloglock`;
/*!40101 SET @saved_cs_client     = @@character_set_client */;
/*!50503 SET character_set_client = utf8mb4 */;
CREATE TABLE `databasechangeloglock` (
  `ID` int NOT NULL,
  `LOCKED` bit(1) NOT NULL,
  `LOCKGRANTED` datetime DEFAULT NULL,
  `LOCKEDBY` varchar(255) DEFAULT NULL,
  PRIMARY KEY (`ID`)
) ENGINE=InnoDB DEFAULT CHARSET=utf8mb4 COLLATE=utf8mb4_0900_ai_ci;
/*!40101 SET character_set_client = @saved_cs_client */;

--
-- Dumping data for table `databasechangeloglock`
--

LOCK TABLES `databasechangeloglock` WRITE;
/*!40000 ALTER TABLE `databasechangeloglock` DISABLE KEYS */;
INSERT INTO `databasechangeloglock` VALUES (1,_binary '\0',NULL,NULL);
/*!40000 ALTER TABLE `databasechangeloglock` ENABLE KEYS */;
UNLOCK TABLES;

--
-- Table structure for table `global_settings`
--

DROP TABLE IF EXISTS `global_settings`;
/*!40101 SET @saved_cs_client     = @@character_set_client */;
/*!50503 SET character_set_client = utf8mb4 */;
CREATE TABLE `global_settings` (
  `id` int NOT NULL AUTO_INCREMENT COMMENT 'id настройки',
  `code` varchar(255) NOT NULL COMMENT 'системное имя настройки',
  `name` varchar(255) NOT NULL COMMENT 'название настройки',
  `value` varchar(255) NOT NULL COMMENT 'значение настройки',
  PRIMARY KEY (`id`)
) ENGINE=InnoDB AUTO_INCREMENT=4 DEFAULT CHARSET=utf8mb4 COLLATE=utf8mb4_0900_ai_ci;
/*!40101 SET character_set_client = @saved_cs_client */;

--
-- Dumping data for table `global_settings`
--

LOCK TABLES `global_settings` WRITE;
/*!40000 ALTER TABLE `global_settings` DISABLE KEYS */;
INSERT INTO `global_settings` VALUES (1,'MULTIUSER_MODE','Многопользовательский режим','NO'),(2,'POST_PREMODERATION','Премодерация постов','YES'),(3,'STATISTICS_IS_PUBLIC','Показывать всем статистику блога','YES');
/*!40000 ALTER TABLE `global_settings` ENABLE KEYS */;
UNLOCK TABLES;

--
-- Table structure for table `post_comments`
--

DROP TABLE IF EXISTS `post_comments`;
/*!40101 SET @saved_cs_client     = @@character_set_client */;
/*!50503 SET character_set_client = utf8mb4 */;
CREATE TABLE `post_comments` (
  `id` int NOT NULL AUTO_INCREMENT COMMENT 'id комментария',
  `parent_id` int NOT NULL COMMENT 'комментарий, на который оставлен этот комментарий (может быть NULL, если комментарий оставлен просто к посту)',
  `post_id` int NOT NULL COMMENT 'пост, к которому написан комментарий',
  `user_id` int NOT NULL COMMENT 'автор комментария',
  `time` datetime NOT NULL COMMENT 'дата и время комментария',
  `text` text NOT NULL COMMENT 'текст комментария',
  PRIMARY KEY (`id`)
) ENGINE=InnoDB AUTO_INCREMENT=292 DEFAULT CHARSET=utf8mb4 COLLATE=utf8mb4_0900_ai_ci;
/*!40101 SET character_set_client = @saved_cs_client */;

--
-- Dumping data for table `post_comments`
--

LOCK TABLES `post_comments` WRITE;
/*!40000 ALTER TABLE `post_comments` DISABLE KEYS */;
INSERT INTO `post_comments` VALUES (1,0,6,1,'2020-01-17 06:28:12','Нынче никто не может себе позволить инициировать звон колоколов'),(2,0,23,10,'2020-01-11 16:55:17','Окрестности Тулы оросил боевой клич героев'),(3,0,4,1,'2020-01-10 21:55:09','Цена вопроса не важна, когда средства индивидуальной защиты оказались бесполезны'),(4,0,26,7,'2019-12-25 17:24:00','Только зима близко'),(5,0,25,2,'2020-01-09 19:21:28','Консультация с широким активом ни к чему нас не обязывает'),(6,0,26,4,'2019-12-25 17:33:00','Нынче никто не может себе позволить инициировать старческий скрип Амстердама'),(7,0,40,9,'2019-12-18 06:05:25','Современная методология разработки продолжает удивлять'),(8,0,17,9,'2020-01-27 13:11:00','Не следует забывать, что небо темнеет'),(9,0,37,3,'2020-01-17 21:42:36','Доблесть наших правозащитников продолжает удивлять'),(10,0,36,6,'2019-12-12 18:14:08','На двадцатом съезде партии прозвучало поразительное заявление: граница обучения кадров разочаровала'),(11,0,38,5,'2020-01-14 04:29:36','Нынче никто не может себе позволить инициировать звон колоколов'),(12,0,20,8,'2020-01-03 04:10:09','Кровь стынет в жилах'),(13,0,12,8,'2020-01-06 15:42:47','Смешно, но потускнели светлые лики икон'),(14,0,10,3,'2019-12-04 16:54:22','Воистину радостный звук: гитарный перебор'),(15,0,12,4,'2020-01-06 15:35:47','Консультация с широким активом разочаровала'),(16,0,39,7,'2020-01-07 01:40:52','Курс на социально-ориентированный национальный проект определил дальнейшее развитие'),(17,0,16,4,'2019-11-30 02:27:49','Новая модель организационной деятельности даёт нам право принимать самостоятельные решения'),(18,0,11,6,'2020-01-22 20:28:24','Глубокий уровень погружения не позволил союзу развалиться'),(19,0,37,8,'2020-01-17 21:44:36','Свободу слова не задушить, пусть даже объем доходов населения сократился'),(20,0,5,9,'2020-01-10 05:52:54','Доблесть наших правозащитников позволила расправить крылья'),(21,0,27,7,'2020-01-01 02:20:03','Эксперты утверждают, что реализация намеченных плановых заданий расставила все точки над i'),(22,0,16,10,'2019-11-30 02:24:49','Оказывается, известный инсайдер, в преддверии важного события, развеял последние сомнения'),(23,0,31,9,'2019-12-30 20:14:33','Все чаще появляется информация о том, что семантический разбор внешних противодействий стал нашим флагом в борьбе с ложью'),(24,0,3,7,'2019-12-13 10:49:30','Граница обучения кадров бодрит'),(25,0,20,3,'2020-01-03 04:15:09','Финансовый мир очнулся: органический трафик определил дальнейшее развитие'),(26,0,17,5,'2020-01-27 13:08:00','На двадцатом съезде партии прозвучало поразительное заявление: добрая половина выводов сделала своё дело'),(27,0,15,5,'2019-12-10 08:12:42','Звук клавиш печатной машинки стал нашим флагом в борьбе с ложью'),(28,0,11,7,'2020-01-22 20:27:24','Никте не вправе осуждать боевой клич героев'),(29,0,29,7,'2020-01-29 02:25:39','Постоянный количественный рост станет частью наших традиций'),(30,0,33,7,'2020-01-05 08:10:44','Глубокий уровень погружения ни к чему нас не обязывает'),(31,0,30,4,'2019-11-29 12:35:56','Инцидент не исчерпан: младая поросль матереет'),(32,0,31,4,'2019-12-30 20:17:33','Сложившаяся структура организации сделала своё дело'),(33,0,17,4,'2020-01-27 13:14:00','Все чаще появляется информация о том, что высококачественный прототип будущего проекта обнадёживает'),(34,0,9,1,'2020-01-08 04:42:02','Постоянный количественный рост не позволил союзу развалиться'),(35,0,33,3,'2020-01-05 08:16:44','Семантический разбор внешних противодействий так же органично вписывается в наши планы'),(36,0,33,9,'2020-01-05 08:12:44','Нет звука приятнее, чем старческий скрип Амстердама'),(37,0,35,4,'2020-01-31 17:09:30','Крепость духовных скреп стала доступной ширнармассам'),(38,0,34,10,'2020-02-07 05:34:18','Частотность поисковых запросов оказалась чрезвычайно полезной'),(39,0,7,5,'2020-01-03 19:11:54','Базовый вектор развития обнадёживает'),(40,0,35,10,'2020-01-31 17:07:30','Давайте разбираться: объем доходов населения сократился'),(41,0,13,7,'2019-12-27 15:47:51','Может показаться странным, но кровь стынет в жилах'),(42,0,11,5,'2020-01-22 20:29:24','Семантический разбор внешних противодействий не позволил союзу развалиться'),(43,0,36,6,'2019-12-12 18:15:08','Независимые СМИ потому и независимы, что чистый разум не скован границами'),(44,0,7,10,'2020-01-03 19:12:54','Постоянный количественный рост так же органично вписывается в наши планы'),(45,0,15,1,'2019-12-10 08:09:42','Благородные стремления не спасут: солнечных дней всё меньше'),(46,0,21,6,'2019-12-02 01:39:05','Курс ценных бумаг обнадёживает!'),(47,0,17,5,'2020-01-27 13:16:00','Консультация с широким активом оказалась чрезвычайно полезной'),(48,0,34,3,'2020-02-07 05:34:18','Случайный текст похож на гитарный перебор'),(49,0,1,1,'2020-01-04 05:56:27','Убеждённость некоторых оппонентов продолжает удивлять'),(50,0,11,4,'2020-01-22 20:27:24','Добрая половина выводов стала доступной ширнармассам'),(51,0,22,4,'2019-11-30 09:21:47','Новая модель организационной деятельности одухотворила всех причастных'),(52,0,15,2,'2019-12-10 08:16:42','Реализация намеченных плановых заданий ни к чему нас не обязывает'),(53,0,11,6,'2020-01-22 20:28:24','Дурное дело нехитрое: базовый вектор развития стал нашим флагом в борьбе с ложью'),(54,0,17,4,'2020-01-27 13:09:00','И по сей день в центральных регионах звучит перекатами трубный призыв'),(55,0,36,1,'2019-12-12 18:12:08','Политика не может не реагировать на грохот грома градущих изменений'),(56,0,37,9,'2020-01-17 21:46:36','Сложно сказать, почему потускнели светлые лики икон'),(57,0,8,1,'2019-12-08 05:39:13','Политика не может не реагировать на детский заливистый смех'),(58,0,23,3,'2020-01-11 16:59:17','Финансовый мир очнулся: частокол на границе попахивает безумием'),(59,0,36,8,'2019-12-12 18:16:08','Экономическая повестка сегодняшнего дня стала доступной ширнармассам'),(60,0,6,2,'2020-01-17 06:29:12','Оказывается, органический трафик развеял последние сомнения'),(61,0,20,8,'2020-01-03 04:18:09','Все чаще появляется информация о том, что звук клавиш печатной машинки не позволил союзу развалиться!'),(62,0,6,3,'2020-01-17 06:25:12','На двадцатом съезде партии прозвучало поразительное заявление: экономическая повестка сегодняшнего дня процветает, как ни в чем не бывало'),(63,0,18,1,'2020-01-28 00:45:43','Давайте не забывать, что крепость духовных скреп разочаровала'),(64,0,22,1,'2019-11-30 09:28:47','Убеждённость некоторых оппонентов оказалась ошибочной'),(65,0,25,8,'2020-01-09 19:30:28','Как бы то ни было, сложившаяся структура организации показала себя во всей красе'),(66,0,12,3,'2020-01-06 15:39:47','Нашу победу сопровождал старческий скрип Амстердама'),(67,0,33,3,'2020-01-05 08:11:44','Обереги никого не защитили'),(68,0,7,3,'2020-01-03 19:07:54','Базовый вектор развития станет частью наших традиций'),(69,0,33,1,'2020-01-05 08:16:44','Оказывается, глубокий уровень погружения станет частью наших традиций'),(70,0,4,4,'2020-01-10 21:50:09','Очевидцы сообщают, что слышали старческий скрип Амстердама'),(71,0,19,1,'2020-01-02 00:05:28','Британские ученые заявили, что героям были возданы соответствующие почести'),(72,0,18,3,'2020-01-28 00:42:43','Как бы то ни было, современная методология разработки ни к чему нас не обязывает'),(73,0,10,9,'2019-12-04 16:52:22','Добрая половина выводов процветает, как ни в чем не бывало'),(74,0,25,5,'2020-01-09 19:23:28','Новый закон накладывает вето на треск разлетающихся скреп'),(75,0,5,1,'2020-01-10 05:50:54','Светлый лик правового взаимодействия оправдал надежды граждан'),(76,0,24,1,'2020-01-06 01:54:43','Консультация с широким активом расставила все точки над i'),(77,0,20,3,'2020-01-03 04:18:09','Свободу слова не задушить, пусть даже солнечных дней всё меньше'),(78,0,33,10,'2020-01-05 08:16:44','Господа, небо темнеет'),(79,0,3,2,'2019-12-13 10:48:30','Воистину радостный звук: звон колоколов!'),(80,0,39,6,'2020-01-07 01:47:52','Современная методология разработки ни к чему нас не обязывает'),(81,0,4,10,'2020-01-10 21:57:09','Сложно сказать, почему обучение кадров - приоритетная задача'),(82,0,40,7,'2019-12-18 06:00:25','Тяжёлое машиностроение - это вам не грохот грома градущих изменений'),(83,0,5,5,'2020-01-10 05:53:54','Средства индивидуальной защиты оказались бесполезны'),(84,0,7,10,'2020-01-03 19:07:54','Может показаться странным, но в провинциях ещё есть чем поживиться!'),(85,0,30,5,'2019-11-29 12:42:56','Современная методология разработки одухотворила всех причастных'),(86,0,25,8,'2020-01-09 19:28:28','Крепость духовных скреп оказалась чрезвычайно полезной!'),(87,0,25,3,'2020-01-09 19:26:28','Сложно сказать, почему курс на социально-ориентированный национальный проект продолжает удивлять'),(88,0,3,5,'2019-12-13 10:46:30','Сложно сказать, почему зима близко'),(89,0,37,1,'2020-01-17 21:39:36','Нашу победу сопровождал звон колоколов'),(90,0,35,3,'2020-01-31 17:12:30','И по сей день в центральных регионах звучит перекатами трубный призыв'),(91,0,29,10,'2020-01-29 02:31:39','Курс ценных бумаг стал нашим флагом в борьбе с ложью'),(92,0,11,4,'2020-01-22 20:30:24','Светлый лик правового взаимодействия связывает нас с нашим прошлым'),(93,0,5,7,'2020-01-10 05:49:54','Никте не вправе осуждать гитарный перебор'),(94,0,7,9,'2020-01-03 19:16:54','Консультация с широким активом процветает, как ни в чем не бывало'),(95,0,26,9,'2019-12-25 17:27:00','Как бы то ни было, новая модель организационной деятельности бодрит'),(96,0,2,8,'2019-12-04 05:47:17','Финансовый мир очнулся: базовый вектор развития обнадёживает!'),(97,0,6,3,'2020-01-17 06:26:12','Новая парадигма реальности: сознание наших соотечественников не замутнено пропагандой'),(98,0,7,3,'2020-01-03 19:11:54','Свободу слова не задушить, пусть даже склады ломятся от зерна'),(99,0,22,5,'2019-11-30 09:27:47','Независимые СМИ потому и независимы, что средства индивидуальной защиты оказались бесполезны'),(100,0,4,3,'2020-01-10 21:48:09','Дурное дело нехитрое: выбранный нами инновационный путь стал нашим флагом в борьбе с ложью'),(101,0,40,1,'2019-12-18 06:07:25','Новый закон накладывает вето на глас грядущего поколения'),(102,0,1,6,'2020-01-04 05:54:27','Смешно, но ночь оказалась долгой'),(103,0,22,7,'2019-11-30 09:21:47','Благородные стремления не спасут: средства индивидуальной защиты оказались бесполезны'),(104,0,12,1,'2020-01-06 15:35:47','Смешно, но спикеры палаты госдумы негодуют'),(105,0,39,8,'2020-01-07 01:41:52','Нашу победу сопровождал ласковый перезвон вертикали власти'),(106,0,18,8,'2020-01-28 00:50:43','Был сорван доклад председателя совхоза'),(107,0,27,6,'2020-01-01 02:22:03','Выбранный нами инновационный путь даёт нам право принимать самостоятельные решения'),(108,0,18,1,'2020-01-28 00:46:43','Органический трафик не стал ограничивающим фактором'),(109,0,14,4,'2020-01-22 10:16:55','Может показаться странным, но небо темнеет'),(110,0,6,2,'2020-01-17 06:22:12','Нашу победу сопровождал полуночный пёсий вой'),(111,0,19,9,'2020-01-02 00:12:28','Инцидент не исчерпан: объемы выросли!'),(112,0,11,10,'2020-01-22 20:29:24','Современная методология разработки оказалась ошибочной'),(113,0,37,4,'2020-01-17 21:46:36','Случайный текст похож на ласковый перезвон вертикали власти'),(114,0,40,4,'2019-12-18 06:04:25','Есть над чем задуматься: зима близко'),(115,0,21,5,'2019-12-02 01:34:05','Смешно, но ночь оказалась долгой'),(116,0,40,9,'2019-12-18 06:04:25','Да, ночь оказалась долгой'),(117,0,3,6,'2019-12-13 10:46:30','Внезапно, младая поросль матереет'),(118,0,8,8,'2019-12-08 05:39:13','Граница обучения кадров разочаровала'),(119,0,39,7,'2020-01-07 01:43:52','Неподкупность государственных СМИ оказалась ошибочной'),(120,0,29,2,'2020-01-29 02:25:39','Неподкупность государственных СМИ одухотворила всех причастных'),(121,0,31,3,'2019-12-30 20:18:33','Органический трафик не стал ограничивающим фактором'),(122,0,20,4,'2020-01-03 04:11:09','Прототип нового сервиса - это как трубный призыв'),(123,0,31,5,'2019-12-30 20:15:33','Да, чистый разум не скован границами'),(124,0,32,9,'2020-02-07 10:00:31','Оказывается, известный инсайдер, в преддверии важного события, даёт нам право принимать самостоятельные решения'),(125,0,3,8,'2019-12-13 10:48:30','Новый закон накладывает вето на шопот бессменных лидеров'),(126,0,30,10,'2019-11-29 12:41:56','Цена вопроса не важна, когда прототип - не панацея'),(127,0,7,3,'2020-01-03 19:11:54','Высококачественный прототип будущего проекта попахивает безумием'),(128,0,13,1,'2019-12-27 15:41:51','Семантический разбор внешних противодействий станет частью наших традиций'),(129,0,25,5,'2020-01-09 19:28:28','Органический трафик попахивает безумием'),(130,0,16,1,'2019-11-30 02:24:49','Инцидент не исчерпан: ночь оказалась долгой'),(131,0,8,5,'2019-12-08 05:35:13','Давайте не забывать, что новая модель организационной деятельности разочаровала'),(132,0,12,2,'2020-01-06 15:42:47','Только помыслы поколения чисты'),(133,0,6,1,'2020-01-17 06:21:12','Никте не вправе осуждать печальный плач оппозиции'),(134,0,39,9,'2020-01-07 01:49:52','Сейчас всё чаще звучит полуночный пёсий вой'),(135,0,3,7,'2019-12-13 10:50:30','Все чаще появляется информация о том, что постоянный количественный рост даёт нам право принимать самостоятельные решения'),(136,0,36,7,'2019-12-12 18:11:08','Нашу победу сопровождал боевой клич героев'),(137,0,33,5,'2020-01-05 08:13:44','Курс на социально-ориентированный национальный проект ни к чему нас не обязывает'),(138,0,3,3,'2019-12-13 10:47:30','Герцог графства коронован'),(139,0,21,4,'2019-12-02 01:36:05','В провинции никого не пугает далёкий барабанный бой'),(140,0,25,1,'2020-01-09 19:24:28','Инцидент не исчерпан: средства индивидуальной защиты оказались бесполезны!'),(141,0,34,2,'2020-02-07 05:28:18','Добрая половина выводов бодрит'),(142,0,10,8,'2019-12-04 16:57:22','Франция намерена исследовать, почему в провинциях ещё есть чем поживиться'),(143,0,28,6,'2020-01-18 18:14:55','Мелочь, а приятно: в провинциях ещё есть чем поживиться'),(144,0,25,5,'2020-01-09 19:29:28','Финансовый мир очнулся: коронованый герцог графства связывает нас с нашим прошлым'),(145,0,34,2,'2020-02-07 05:35:18','Давайте разбираться: жизнь прекрасна'),(146,0,37,8,'2020-01-17 21:44:36','Нашу победу сопровождал старческий скрип Амстердама'),(147,0,20,1,'2020-01-03 04:14:09','Не следует забывать, что зима близко!'),(148,0,32,9,'2020-02-07 10:03:31','Курс на социально-ориентированный национальный проект не позволил союзу развалиться'),(149,0,13,9,'2019-12-27 15:47:51','Частотность поисковых запросов одухотворила всех причастных'),(150,0,13,4,'2019-12-27 15:38:51','Неподкупность государственных СМИ показала себя во всей красе'),(151,0,27,6,'2020-01-01 02:19:03','Курс ценных бумаг определил дальнейшее развитие'),(152,0,3,10,'2019-12-13 10:44:30','Все чаще появляется информация о том, что логотип крупнейшей компании по производству мыльных пузырей продолжает удивлять'),(153,0,16,9,'2019-11-30 02:31:49','Звук клавиш печатной машинки станет частью наших традиций'),(154,0,9,4,'2020-01-08 04:43:02','Политика не может не реагировать на шопот бессменных лидеров'),(155,0,16,4,'2019-11-30 02:28:49','Глубокий уровень погружения не стал ограничивающим фактором'),(156,0,21,7,'2019-12-02 01:43:05','Все чаще появляется информация о том, что коронованый герцог графства не позволил союзу развалиться'),(157,0,9,10,'2020-01-08 04:43:02','Как бы то ни было, сплочённость команды профессионалов ни к чему нас не обязывает'),(158,0,20,6,'2020-01-03 04:14:09','Нет звука приятнее, чем грохот грома градущих изменений'),(159,0,8,2,'2019-12-08 05:38:13','Очевидцы сообщают, что слышали шопот бессменных лидеров'),(160,0,28,6,'2020-01-18 18:17:55','Свободу слова не задушить, пусть даже в провинциях ещё есть чем поживиться!'),(161,0,2,4,'2019-12-04 05:45:17','Да, обучение кадров - приоритетная задача'),(162,0,26,7,'2019-12-25 17:30:00','Мелочь, а приятно: героям были возданы соответствующие почести'),(163,0,25,8,'2020-01-09 19:21:28','Логотип крупнейшей компании по производству мыльных пузырей оправдал надежды граждан'),(164,0,13,10,'2019-12-27 15:46:51','Давайте не будем укрепляться в мысли, что героям были возданы соответствующие почести'),(165,0,33,4,'2020-01-05 08:08:44','Звук клавиш печатной машинки станет частью наших традиций'),(166,0,10,4,'2019-12-04 16:56:22','Смешно, но чистосердечное признание облегчает душу'),(167,0,28,8,'2020-01-18 18:16:55','Давайте не будем укрепляться в мысли, что цены на бензин начинают падать'),(168,0,14,10,'2020-01-22 10:14:55','Смешно, но средства индивидуальной защиты оказались бесполезны'),(169,0,9,1,'2020-01-08 04:46:02','Главные СМИ предупреждают: кровь стынет в жилах'),(170,0,14,8,'2020-01-22 10:15:55','Выбранный нами инновационный путь обнадёживает'),(171,0,30,4,'2019-11-29 12:33:56','Цены на бензин начинают падать'),(172,0,14,5,'2020-01-22 10:15:55','Британские ученые заявили, что младая поросль матереет!'),(173,0,22,9,'2019-11-30 09:29:47','Подтверждено: преступность никогда не была такой неорганизованной'),(174,0,12,6,'2020-01-06 15:38:47','Нашу победу сопровождал детский заливистый смех'),(175,0,26,10,'2019-12-25 17:24:00','Инцидент не исчерпан: в провинциях ещё есть чем поживиться'),(176,0,17,9,'2020-01-27 13:11:00','Сложно сказать, почему парад бытовой техники оказался началом великой войны'),(177,0,30,10,'2019-11-29 12:34:56','Не следует забывать, что склады ломятся от зерна'),(178,0,28,10,'2020-01-18 18:21:55','Младая поросль матереет'),(179,0,6,4,'2020-01-17 06:22:12','Очевидцы сообщают, что слышали треск разлетающихся скреп'),(180,0,13,2,'2019-12-27 15:47:51','Очевидцы сообщают, что слышали старческий скрип Амстердама'),(181,0,16,4,'2019-11-30 02:29:49','Очевидцы сообщают, что слышали грохот грома градущих изменений'),(182,0,31,1,'2019-12-30 20:11:33','Звук клавиш печатной машинки продолжает удивлять!'),(183,0,4,10,'2020-01-10 21:54:09','Близость к государственным границам одухотворила всех причастных'),(184,0,34,6,'2020-02-07 05:29:18','Сложно сказать, почему известный инсайдер, в преддверии важного события, даёт нам право принимать самостоятельные решения!'),(185,0,32,8,'2020-02-07 10:06:31','Может показаться странным, но преступность никогда не была такой неорганизованной'),(186,0,16,10,'2019-11-30 02:31:49','И по сей день в центральных регионах звучит перекатами песнь светлого будущего'),(187,0,9,4,'2020-01-08 04:40:02','Тяжёлое машиностроение - это вам не печальный плач оппозиции'),(188,0,4,1,'2020-01-10 21:55:09','Нашу победу сопровождал глас грядущего поколения!'),(189,0,23,1,'2020-01-11 17:01:17','Граница обучения кадров одухотворила всех причастных'),(190,0,28,4,'2020-01-18 18:18:55','Не следует забывать, что цены на бензин начинают падать'),(191,0,34,3,'2020-02-07 05:30:18','Сложно сказать, почему прототип - не панацея'),(192,0,35,4,'2020-01-31 17:13:30','Воистину радостный звук: грохот грома градущих изменений'),(193,0,36,1,'2019-12-12 18:18:08','Допустим, объем доходов населения сократился'),(194,0,38,5,'2020-01-14 04:38:36','Высококачественный прототип будущего проекта стал нашим флагом в борьбе с ложью'),(195,0,19,2,'2020-01-02 00:04:28','Смешно, но помыслы поколения чисты'),(196,0,7,2,'2020-01-03 19:13:54','Давайте не забывать, что добрая половина выводов расставила все точки над i'),(197,0,21,10,'2019-12-02 01:36:05','Подтверждено: герцог графства коронован'),(198,0,17,8,'2020-01-27 13:14:00','Свободу слова не задушить, пусть даже частокол на границе починят'),(199,0,10,1,'2019-12-04 16:57:22','Благородные стремления не спасут: ночь оказалась долгой'),(200,0,24,3,'2020-01-06 01:50:43','Никте не вправе осуждать трубный призыв'),(201,122,20,8,'2020-01-03 04:11:09','Звук клавиш печатной машинки даёт нам право принимать самостоятельные решения!'),(202,187,9,6,'2020-01-08 04:41:02','Главные СМИ предупреждают: жизнь прекрасна'),(203,27,15,5,'2019-12-10 08:08:42','Подтверждено: цены на бензин начинают падать'),(204,35,33,5,'2020-01-05 08:12:44','Базовый вектор развития не стал ограничивающим фактором'),(205,81,4,9,'2020-01-10 21:51:09','Тяжёлое машиностроение - это вам не песнь светлого будущего'),(206,1,6,2,'2020-01-17 06:21:12','Оказывается, прототип - не панацея'),(207,183,4,6,'2020-01-10 21:52:09','Оказывается, был сорван доклад председателя совхоза!'),(208,76,24,8,'2020-01-06 01:56:43','Светлый лик правового взаимодействия развеял последние сомнения'),(209,84,7,4,'2020-01-03 19:10:54','Все чаще появляется информация о том, что выбранный нами инновационный путь станет частью наших традиций'),(210,100,4,9,'2020-01-10 21:55:09','Курс на социально-ориентированный национальный проект станет частью наших традиций'),(211,52,15,8,'2019-12-10 08:16:42','Подтверждено: помыслы поколения чисты'),(212,159,8,10,'2019-12-08 05:42:13','Давайте разбираться: герцог графства коронован'),(213,108,18,3,'2020-01-28 00:42:43','Франция намерена исследовать, почему обучение кадров - приоритетная задача'),(214,107,27,7,'2020-01-01 02:23:03','Коронованый герцог графства обнадёживает'),(215,25,20,4,'2020-01-03 04:10:09','Очевидцы сообщают, что слышали гитарный перебор'),(216,81,4,8,'2020-01-10 21:52:09','На двадцатом съезде партии прозвучало поразительное заявление: граница обучения кадров продолжает удивлять'),(217,51,22,10,'2019-11-30 09:29:47','Окрестности Тулы оросил далёкий барабанный бой'),(218,166,10,10,'2019-12-04 16:54:22','Независимые СМИ потому и независимы, что объем доходов населения сократился'),(219,123,31,8,'2019-12-30 20:14:33','Экономическая повестка сегодняшнего дня оказалась ошибочной'),(220,98,7,5,'2020-01-03 19:09:54','Воистину радостный звук: печальный плач оппозиции'),(221,94,7,6,'2020-01-03 19:11:54','Органический трафик попахивает безумием'),(222,100,4,4,'2020-01-10 21:50:09','Семантический разбор внешних противодействий не стал ограничивающим фактором!'),(223,196,7,3,'2020-01-03 19:09:54','Финансовый мир очнулся: известный инсайдер, в преддверии важного события, так же органично вписывается в наши планы'),(224,6,26,2,'2019-12-25 17:25:00','Есть над чем задуматься: обереги никого не защитили'),(225,127,7,8,'2020-01-03 19:13:54','Постоянный количественный рост стал нашим флагом в борьбе с ложью'),(226,22,16,5,'2019-11-30 02:27:49','Только цены на бензин начинают падать'),(227,39,7,9,'2020-01-03 19:13:54','Сейчас всё чаще звучит треск разлетающихся скреп'),(228,1,6,3,'2020-01-17 06:25:12','Добрая половина выводов разочаровала'),(229,56,37,7,'2020-01-17 21:46:36','И по сей день в центральных регионах звучит перекатами ласковый перезвон вертикали власти'),(230,73,10,5,'2019-12-04 16:57:22','Смешно, но кровь стынет в жилах'),(231,20,5,7,'2020-01-10 05:47:54','Светлый лик правового взаимодействия продолжает удивлять'),(232,93,5,9,'2020-01-10 05:50:54','Давайте не будем укрепляться в мысли, что помыслы поколения чисты'),(233,69,33,4,'2020-01-05 08:15:44','Сложно сказать, почему светлый лик правового взаимодействия развеял последние сомнения'),(234,194,38,4,'2020-01-14 04:36:36','Очевидцы сообщают, что слышали старческий скрип Амстердама'),(235,160,28,1,'2020-01-18 18:13:55','Британские ученые заявили, что кровь стынет в жилах'),(236,67,33,8,'2020-01-05 08:13:44','Только близость к государственным границам ни к чему нас не обязывает'),(237,1,6,4,'2020-01-17 06:23:12','Может показаться странным, но обереги никого не защитили'),(238,189,23,6,'2020-01-11 16:58:17','Склады ломятся от зерна'),(239,197,21,2,'2019-12-02 01:40:05','Реализация намеченных плановых заданий станет частью наших традиций'),(240,22,16,5,'2019-11-30 02:31:49','Сплочённость команды профессионалов ни к чему нас не обязывает'),(241,48,34,1,'2020-02-07 05:35:18','Франция намерена исследовать, почему обереги никого не защитили'),(242,50,11,2,'2020-01-22 20:26:24','Глубокий уровень погружения даёт нам право принимать самостоятельные решения'),(243,77,20,1,'2020-01-03 04:12:09','Цена вопроса не важна, когда обучение кадров - приоритетная задача'),(244,148,32,9,'2020-02-07 10:05:31','Не следует забывать, что прототип - не панацея'),(245,6,26,3,'2019-12-25 17:32:00','Новый закон накладывает вето на ласковый перезвон вертикали власти'),(246,41,13,4,'2019-12-27 15:39:51','Реализация намеченных плановых заданий показала себя во всей красе'),(247,139,21,8,'2019-12-02 01:43:05','Сложно сказать, почему кровь стынет в жилах'),(248,193,36,8,'2019-12-12 18:18:08','Семантический разбор внешних противодействий продолжает удивлять'),(249,108,18,6,'2020-01-28 00:50:43','Объем доходов населения сократился'),(250,65,25,4,'2020-01-09 19:27:28','Эксперты утверждают, что неподкупность государственных СМИ сделала своё дело!'),(251,0,32,18,'2020-02-12 23:27:31','Привет!'),(252,244,32,18,'2020-02-12 23:29:15','<strong>Пётр Петров</strong>, это действительно не <b>панацея</b>!'),(253,0,32,18,'2020-02-13 14:33:04','Действительно это так!'),(254,253,32,18,'2020-02-13 15:55:11','Ваше утверждение нелепо!'),(255,254,32,18,'2020-02-13 16:05:54','Брешешь, собака!'),(256,0,40,18,'2020-02-25 14:17:49','Да, это на самом деле так!'),(257,0,40,18,'2020-02-25 14:21:31','Конечно!'),(258,0,40,18,'2020-02-25 14:37:11','Ха! Да это же чушь!'),(259,0,40,18,'2020-02-25 14:39:58','Ха! Да это же чушь!'),(260,0,40,18,'2020-02-25 14:44:27','Да что вы говорите!'),(261,0,40,18,'2020-02-25 14:49:58','Hey!'),(262,0,40,18,'2020-02-25 14:57:02','Helloooo!'),(263,0,40,18,'2020-02-25 15:18:17','Да сколько уже можно нести всякую чушь?!'),(264,0,40,18,'2020-02-25 15:23:48','Очередная попытка манипулировать сознанием не удалась!'),(265,0,40,18,'2020-02-25 16:55:52','И снова кто-то пытается добавить комментарий!'),(266,0,40,18,'2020-02-25 16:58:32','<span style=\"font-family: Roboto, Helvetica, Arial, sans-serif; font-size: 14px;\">И снова кто-то пытается добавить комментарий!</span>'),(267,0,40,18,'2020-02-25 17:01:10','Всем привет!'),(268,0,40,18,'2020-02-25 17:06:33','Всем чмоки в этом чате!'),(269,0,40,18,'2020-02-25 17:11:15','Test!'),(270,0,40,18,'2020-02-25 17:13:01','Heeeeey!'),(271,0,40,18,'2020-02-25 17:19:03','А как тебе такое, Элон Маск?!'),(272,0,40,18,'2020-02-25 18:04:55','<span style=\"font-family: Roboto, Helvetica, Arial, sans-serif; font-size: 14px;\">А как тебе такое, Элон Маск?!</span>'),(273,0,40,18,'2020-02-25 18:07:01','<span style=\"font-family: Roboto, Helvetica, Arial, sans-serif; font-size: 14px;\">А как тебе такое, Элон Маск?!</span>'),(274,0,40,18,'2020-02-25 18:08:31','<span style=\"font-family: Roboto, Helvetica, Arial, sans-serif; font-size: 14px;\">А как тебе такое, Элон Маск?!</span>'),(275,0,40,18,'2020-02-25 18:09:02','Ха! А как тебе такое, Элон Маск?!'),(276,0,40,18,'2020-02-25 18:58:30','Привет-привет!!! Как дела?'),(277,101,40,18,'2020-02-25 18:59:28','<strong>Дмитрий Дмитриев</strong>, на глас поколения вето не наложить!'),(278,82,40,18,'2020-02-25 19:04:32','<strong>Алевтина Алевтинкина</strong>, не \"<span style=\"font-family: Roboto, Helvetica, Arial, sans-serif; font-size: 14px;\">грАдущих&nbsp;\", а \"грЯдущих\".</span>'),(279,0,40,18,'2020-02-26 19:18:30','Комментарий, отправленный через Heroku-прокси.'),(280,0,40,18,'2020-02-26 19:24:25','Проверка работы с отключенным прокси.'),(281,0,40,18,'2020-02-26 19:25:39','Проверка работы без URL'),(282,0,40,18,'2020-02-26 19:26:54','Проверка с невалидным токеном.'),(283,0,40,18,'2020-02-26 19:28:45','<span style=\"font-family: Roboto, Helvetica, Arial, sans-serif; font-size: 14px;\">Проверка с невалидным токеном - 2.</span>'),(284,0,40,18,'2020-02-26 19:38:16','Проверка с валидным токеном.'),(285,0,40,18,'2020-02-26 19:41:23','<span style=\"font-family: Roboto, Helvetica, Arial, sans-serif; font-size: 14px;\">Проверка с валидным токеном - 2.</span>'),(286,116,40,18,'2020-02-26 19:44:54','<strong>Пётр Петров</strong>, ночь такова, какова она какова!'),(287,0,40,18,'2020-02-27 16:35:04','Hello world!'),(288,0,40,18,'2020-03-01 13:48:43','Что это вы тут развели?!'),(289,0,40,18,'2020-03-01 13:50:15','А чей-то вы тут делаете?'),(290,0,40,18,'2020-03-01 13:55:35','Привет!'),(291,0,40,18,'2020-03-01 14:00:15','Ну наконец-то!');
/*!40000 ALTER TABLE `post_comments` ENABLE KEYS */;
UNLOCK TABLES;

--
-- Table structure for table `post_tags`
--

DROP TABLE IF EXISTS `post_tags`;
/*!40101 SET @saved_cs_client     = @@character_set_client */;
/*!50503 SET character_set_client = utf8mb4 */;
CREATE TABLE `post_tags` (
  `id` int NOT NULL AUTO_INCREMENT COMMENT 'id связи',
  `post_id` int NOT NULL COMMENT 'id поста',
  `tag_id` int NOT NULL COMMENT 'id тэга',
  PRIMARY KEY (`id`)
) ENGINE=InnoDB AUTO_INCREMENT=65 DEFAULT CHARSET=utf8mb4 COLLATE=utf8mb4_0900_ai_ci;
/*!40101 SET character_set_client = @saved_cs_client */;

--
-- Dumping data for table `post_tags`
--

LOCK TABLES `post_tags` WRITE;
/*!40000 ALTER TABLE `post_tags` DISABLE KEYS */;
INSERT INTO `post_tags` VALUES (1,1,2),(2,2,1),(3,2,18),(4,3,7),(5,3,13),(6,3,15),(7,4,1),(8,5,17),(9,6,2),(10,6,3),(11,6,5),(12,7,1),(13,8,1),(14,10,11),(15,10,17),(16,12,6),(17,13,1),(18,13,5),(19,13,17),(20,15,15),(21,16,16),(22,18,2),(23,18,13),(24,18,17),(25,18,18),(26,19,9),(27,20,5),(28,20,13),(29,20,15),(30,20,16),(31,22,16),(32,23,2),(33,23,3),(34,23,6),(35,24,7),(36,24,11),(37,25,11),(38,25,16),(39,25,19),(40,27,16),(41,28,1),(42,29,8),(43,30,16),(44,31,2),(45,31,20),(46,34,1),(47,35,3),(48,35,9),(49,35,11),(50,35,17),(51,36,8),(52,36,17),(53,38,4),(54,38,5),(55,39,4),(56,39,11),(57,39,19),(58,40,7),(59,40,10),(60,40,13),(61,40,17),(62,55,1),(63,55,8),(64,55,16);
/*!40000 ALTER TABLE `post_tags` ENABLE KEYS */;
UNLOCK TABLES;

--
-- Table structure for table `post_votes`
--

DROP TABLE IF EXISTS `post_votes`;
/*!40101 SET @saved_cs_client     = @@character_set_client */;
/*!50503 SET character_set_client = utf8mb4 */;
CREATE TABLE `post_votes` (
  `id` int NOT NULL AUTO_INCREMENT COMMENT 'id лайка/дизлайка',
  `user_id` int NOT NULL COMMENT 'тот, кто поставил лайк / дизлайк',
  `post_id` int NOT NULL COMMENT 'пост, которому поставлен лайк / дизлайк',
  `time` datetime NOT NULL COMMENT 'дата и время лайка / дизлайка',
  `value` tinyint NOT NULL COMMENT 'лайк или дизлайк: 1 или -1',
  PRIMARY KEY (`id`)
) ENGINE=InnoDB AUTO_INCREMENT=328 DEFAULT CHARSET=utf8mb4 COLLATE=utf8mb4_0900_ai_ci;
/*!40101 SET character_set_client = @saved_cs_client */;

--
-- Dumping data for table `post_votes`
--

LOCK TABLES `post_votes` WRITE;
/*!40000 ALTER TABLE `post_votes` DISABLE KEYS */;
INSERT INTO `post_votes` VALUES (1,8,5,'2020-01-26 19:35:52',1),(2,5,5,'2020-01-26 19:35:52',1),(3,3,5,'2020-01-26 19:35:52',1),(4,2,5,'2020-01-26 19:35:52',1),(5,4,5,'2020-01-26 19:35:52',1),(6,1,5,'2020-01-26 19:35:52',1),(8,7,5,'2020-01-26 19:35:52',1),(13,6,5,'2020-01-26 19:35:52',1),(17,5,16,'2020-01-26 19:35:52',1),(18,9,16,'2020-01-26 19:35:52',1),(19,1,16,'2020-01-26 19:35:52',1),(24,2,16,'2020-01-26 19:35:52',1),(26,4,16,'2020-01-26 19:35:52',1),(28,7,16,'2020-01-26 19:35:52',1),(34,3,16,'2020-01-26 19:35:52',1),(35,10,16,'2020-01-26 19:35:52',1),(47,6,16,'2020-01-26 19:35:52',1),(50,8,20,'2020-01-26 19:35:52',1),(51,6,20,'2020-01-26 19:35:52',1),(52,4,20,'2020-01-26 19:35:52',1),(54,3,20,'2020-01-26 19:35:52',1),(56,9,20,'2020-01-26 19:35:52',1),(57,7,20,'2020-01-26 19:35:52',1),(58,5,20,'2020-01-26 19:35:52',1),(59,2,20,'2020-01-26 19:35:52',1),(60,10,20,'2020-01-26 19:35:52',1),(65,1,20,'2020-01-26 19:35:52',1),(71,9,23,'2020-01-26 19:35:52',1),(72,2,23,'2020-01-26 19:35:52',1),(73,3,23,'2020-01-26 19:35:52',1),(75,8,23,'2020-01-26 19:35:52',1),(76,10,23,'2020-01-26 19:35:52',1),(77,1,32,'2020-01-26 19:35:52',1),(78,2,32,'2020-01-26 19:35:52',1),(80,10,32,'2020-01-26 19:35:52',1),(81,9,32,'2020-01-26 19:35:52',1),(82,4,32,'2020-01-26 19:35:52',1),(84,3,32,'2020-01-26 19:35:52',1),(90,5,32,'2020-01-26 19:35:52',1),(92,8,32,'2020-01-26 19:35:52',1),(93,7,32,'2020-01-26 19:35:52',1),(99,6,32,'2020-01-26 19:35:52',1),(125,4,40,'2020-01-26 19:35:52',1),(126,6,40,'2020-01-26 19:35:52',1),(128,1,40,'2020-01-26 19:35:52',1),(129,10,40,'2020-01-26 19:35:52',1),(130,3,40,'2020-01-26 19:35:52',1),(132,9,40,'2020-01-26 19:35:52',1),(134,7,40,'2020-01-26 19:35:52',1),(143,2,40,'2020-01-26 19:35:52',1),(146,5,40,'2020-01-26 19:35:52',1),(149,8,40,'2020-01-26 19:35:52',1),(167,10,5,'2020-01-26 19:35:52',-1),(194,8,16,'2020-01-26 19:35:52',-1),(202,7,19,'2020-01-26 19:35:52',-1),(203,5,19,'2020-01-26 19:35:52',-1),(204,1,19,'2020-01-26 19:35:52',-1),(205,3,19,'2020-01-26 19:35:52',-1),(208,9,19,'2020-01-26 19:35:52',-1),(209,6,19,'2020-01-26 19:35:52',-1),(211,4,19,'2020-01-26 19:35:52',-1),(213,2,19,'2020-01-26 19:35:52',-1),(214,10,19,'2020-01-26 19:35:52',-1),(219,8,19,'2020-01-26 19:35:52',-1),(264,10,26,'2020-01-26 19:35:53',-1),(265,2,29,'2020-01-26 19:35:53',-1),(266,10,29,'2020-01-26 19:35:53',-1),(267,1,29,'2020-01-26 19:35:53',-1),(270,7,29,'2020-01-26 19:35:53',-1),(271,9,29,'2020-01-26 19:35:53',-1),(272,5,29,'2020-01-26 19:35:53',-1),(274,6,29,'2020-01-26 19:35:53',-1),(281,4,29,'2020-01-26 19:35:53',-1),(318,18,20,'2020-02-11 17:41:18',1),(319,18,10,'2020-02-20 16:53:50',1),(320,18,13,'2020-02-20 16:53:54',1),(321,18,22,'2020-02-20 16:53:57',-1),(322,18,16,'2020-02-20 16:53:59',-1),(323,18,32,'2020-02-20 16:54:01',1),(324,18,26,'2020-02-20 16:54:03',1),(325,18,29,'2020-02-20 16:54:05',1),(326,18,18,'2020-02-20 16:54:06',-1),(327,18,11,'2020-02-20 16:54:08',1);
/*!40000 ALTER TABLE `post_votes` ENABLE KEYS */;
UNLOCK TABLES;

--
-- Table structure for table `posts`
--

DROP TABLE IF EXISTS `posts`;
/*!40101 SET @saved_cs_client     = @@character_set_client */;
/*!50503 SET character_set_client = utf8mb4 */;
CREATE TABLE `posts` (
  `id` int NOT NULL COMMENT 'id поста',
  `is_active` tinyint NOT NULL COMMENT 'скрыта или активна публикация: 0 или 1',
  `moderation_status` enum('NEW','ACCEPTED,''DECLINED') NOT NULL COMMENT 'статус модерации, по умолчанию значение "NEW".',
  `moderator_id` int DEFAULT NULL COMMENT 'ID пользователя-модератора, принявшего решение, или NULL',
  `user_id` int NOT NULL COMMENT 'автор поста',
  `time` datetime NOT NULL COMMENT 'дата и время публикации поста',
  `title` varchar(255) NOT NULL COMMENT 'заголовок поста',
  `text` text NOT NULL COMMENT 'текст поста',
  `view_count` int NOT NULL COMMENT 'количество просмотров поста',
  PRIMARY KEY (`id`)
) ENGINE=InnoDB DEFAULT CHARSET=utf8mb4 COLLATE=utf8mb4_0900_ai_ci;
/*!40101 SET character_set_client = @saved_cs_client */;

--
-- Dumping data for table `posts`
--

LOCK TABLES `posts` WRITE;
/*!40000 ALTER TABLE `posts` DISABLE KEYS */;
INSERT INTO `posts` VALUES (1,0,'',7,1,'2020-01-04 05:51:27','Новая парадигма реальности: небо темнеет','<p>Таким образом, разбавленное изрядной долей эмпатии, рациональное мышление в значительной степени обусловливает важность экспериментов, поражающих по своей масштабности и грандиозности. Вот вам яркий пример современных тенденций - выбранный нами инновационный путь требует от нас анализа соответствующих условий активизации.</p>',46),(2,1,'NEW',NULL,5,'2019-12-04 05:45:17','Близость к государственным границам бодрит','<p>Таким образом, глубокий уровень погружения не даёт нам иного выбора, кроме определения приоритизации разума над эмоциями. Но предприниматели в сети интернет набирают популярность среди определенных слоев населения, а значит, должны быть ассоциативно распределены по отраслям! Сложно сказать, почему сторонники тоталитаризма в науке неоднозначны и будут представлены в исключительно положительном свете. Но глубокий уровень погружения способствует подготовке и реализации экспериментов, поражающих по своей масштабности и грандиозности.</p>',26),(3,0,'',7,8,'2019-12-13 10:44:30','Нынче никто не может себе позволить инициировать полуночный пёсий вой!','<p>Также как повышение уровня гражданского сознания, в своём классическом представлении, допускает внедрение благоприятных перспектив! Ясность нашей позиции очевидна: консультация с широким активом требует анализа приоритизации разума над эмоциями. И нет сомнений, что явные признаки победы институционализации, которые представляют собой яркий пример континентально-европейского типа политической культуры, будут призваны к ответу. С учётом сложившейся международной обстановки, дальнейшее развитие различных форм деятельности является качественно новой ступенью прогресса профессионального сообщества.</p>',46),(4,0,'',7,1,'2020-01-10 21:48:09','Франция намерена исследовать, почему обучение кадров - приоритетная задача','<p>Есть над чем задуматься: многие известные личности и по сей день остаются уделом либералов, которые жаждут быть преданы социально-демократической анафеме. Как принято считать, ключевые особенности структуры проекта освещают чрезвычайно интересные особенности картины в целом, однако конкретные выводы, разумеется, ассоциативно распределены по отраслям. Безусловно, высокотехнологичная концепция общественного уклада требует анализа как самодостаточных, так и внешне зависимых концептуальных решений.</p>',7),(5,1,'',7,18,'2020-01-10 05:45:54','Органический трафик стал нашим флагом в борьбе с ложью','<p>Явные признаки победы институционализации освещают чрезвычайно интересные особенности картины в целом, однако конкретные выводы, разумеется, преданы социально-демократической анафеме. Имеется спорная точка зрения, гласящая примерно следующее: активно развивающиеся страны третьего мира и по сей день остаются уделом либералов, которые жаждут быть заблокированы в рамках своих собственных рациональных ограничений. Учитывая ключевые сценарии поведения, убеждённость некоторых оппонентов однозначно фиксирует необходимость модели развития.</p>',32),(6,1,'',18,18,'2020-01-17 06:20:12','Сейчас всё чаще звучит далёкий барабанный бой','<p>Мы вынуждены отталкиваться от того, что внедрение современных методик способствует повышению качества укрепления моральных ценностей. Современные технологии достигли такого уровня, что курс на социально-ориентированный национальный проект предопределяет высокую востребованность приоритизации разума над эмоциями. В своём стремлении повысить качество жизни, они забывают, что укрепление и развитие внутренней структуры говорит о возможностях первоочередных требований. Принимая во внимание показатели успешности, перспективное планирование прекрасно подходит для реализации кластеризации усилий.</p>',36),(7,1,'NEW',NULL,6,'2020-01-03 19:07:54','Новая модель организационной деятельности одухотворила всех причастных!','<p>В рамках спецификации современных стандартов, непосредственные участники технического прогресса представляют собой не что иное, как квинтэссенцию победы маркетинга над разумом и должны быть функционально разнесены на независимые элементы. Для современного мира разбавленное изрядной долей эмпатии, рациональное мышление в значительной степени обусловливает важность укрепления моральных ценностей.</p>',7),(8,1,'',7,4,'2019-12-08 05:35:13','Тяжёлое машиностроение - это вам не песнь светлого будущего','<p>Следует отметить, что семантический разбор внешних противодействий играет важную роль в формировании экономической целесообразности принимаемых решений. Высокий уровень вовлечения представителей целевой аудитории является четким доказательством простого факта: синтетическое тестирование способствует повышению качества прогресса профессионального сообщества. А ещё диаграммы связей своевременно верифицированы. Идейные соображения высшего порядка, а также внедрение современных методик является качественно новой ступенью поставленных обществом задач. Задача организации, в особенности же реализация намеченных плановых заданий влечет за собой процесс внедрения и модернизации существующих финансовых и административных условий. Высокий уровень вовлечения представителей целевой аудитории является четким доказательством простого факта: реализация намеченных плановых заданий способствует подготовке и реализации вывода текущих активов.</p>',8),(9,1,'',18,1,'2020-01-08 04:37:02','Не следует забывать, что средства индивидуальной защиты оказались бесполезны','<p>Элементы политического процесса будут в равной степени предоставлены сами себе! Банальные, но неопровержимые выводы, а также представители современных социальных резервов, которые представляют собой яркий пример континентально-европейского типа политической культуры, будут объединены в целые кластеры себе подобных. Но синтетическое тестирование способствует повышению качества вывода текущих активов. Банальные, но неопровержимые выводы, а также интерактивные прототипы своевременно верифицированы.</p>',24),(10,1,'',7,4,'2020-02-15 16:51:22','Консультация с широким активом бодрит','<p>В частности, разбавленное изрядной долей эмпатии, рациональное мышление играет важную роль в формировании новых принципов формирования материально-технической и кадровой базы. В рамках спецификации современных стандартов, предприниматели в сети интернет объявлены нарушающими общечеловеческие нормы этики и морали. Внезапно, элементы политического процесса и по сей день остаются уделом либералов, которые жаждут быть преданы социально-демократической анафеме. Банальные, но неопровержимые выводы, а также некоторые особенности внутренней политики ассоциативно распределены по отраслям. Каждый из нас понимает очевидную вещь: высокотехнологичная концепция общественного уклада создаёт предпосылки для кластеризации усилий. Учитывая ключевые сценарии поведения, повышение уровня гражданского сознания обеспечивает актуальность своевременного выполнения сверхзадачи.</p>',40),(11,1,'',18,10,'2020-01-22 20:25:24','Как бы то ни было, убеждённость некоторых оппонентов продолжает удивлять','<p>И нет сомнений, что акционеры крупнейших компаний представляют собой не что иное, как квинтэссенцию победы маркетинга над разумом и должны быть преданы социально-демократической анафеме. Разнообразный и богатый опыт говорит нам, что синтетическое тестирование предопределяет высокую востребованность анализа существующих паттернов поведения. Мы вынуждены отталкиваться от того, что курс на социально-ориентированный национальный проект способствует повышению качества вывода текущих активов. Действия представителей оппозиции и по сей день остаются уделом либералов, которые жаждут быть представлены в исключительно положительном свете. Являясь всего лишь частью общей картины, ключевые особенности структуры проекта могут быть разоблачены. Разнообразный и богатый опыт говорит нам, что сплочённость команды профессионалов не оставляет шанса для дальнейших направлений развития.</p>',12),(12,1,'NEW',NULL,9,'2020-01-06 15:34:47','Частотность поисковых запросов разочаровала','<p>Но базовые сценарии поведения пользователей, вне зависимости от их уровня, должны быть описаны максимально подробно. Есть над чем задуматься: действия представителей оппозиции могут быть заблокированы в рамках своих собственных рациональных ограничений!</p>',18),(13,1,'',7,5,'2020-02-15 15:38:51','Частотность поисковых запросов показала себя во всей красе','<p>Некоторые особенности внутренней политики формируют глобальную экономическую сеть и при этом - смешаны с не уникальными данными до степени совершенной неузнаваемости, из-за чего возрастает их статус бесполезности. Идейные соображения высшего порядка, а также дальнейшее развитие различных форм деятельности прекрасно подходит для реализации дальнейших направлений развития. Тщательные исследования конкурентов неоднозначны и будут ограничены исключительно образом мышления. С другой стороны, убеждённость некоторых оппонентов предполагает независимые способы реализации анализа существующих паттернов поведения.</p>',2),(14,1,'',18,8,'2020-01-22 10:07:55','Органический трафик обнадёживает','<p>И нет сомнений, что независимые государства, превозмогая сложившуюся непростую экономическую ситуацию, ассоциативно распределены по отраслям. Кстати, предприниматели в сети интернет рассмотрены исключительно в разрезе маркетинговых и финансовых предпосылок.</p>',9),(15,0,'',7,10,'2019-12-10 08:08:42','Оказывается, герцог графства коронован','<p>Не следует, однако, забывать, что понимание сути ресурсосберегающих технологий требует анализа модели развития. Не следует, однако, забывать, что постоянное информационно-пропагандистское обеспечение нашей деятельности играет важную роль в формировании переосмысления внешнеэкономических политик. Идейные соображения высшего порядка, а также граница обучения кадров предполагает независимые способы реализации поэтапного и последовательного развития общества. Задача организации, в особенности же постоянный количественный рост и сфера нашей активности является качественно новой ступенью соответствующих условий активизации. Предварительные выводы неутешительны: новая модель организационной деятельности представляет собой интересный эксперимент проверки как самодостаточных, так и внешне зависимых концептуальных решений.</p>',20),(16,1,'',7,3,'2020-02-10 02:23:49','Как бы то ни было, реализация намеченных плановых заданий сделала своё дело','<p>С учётом сложившейся международной обстановки, выбранный нами инновационный путь прекрасно подходит для реализации кластеризации усилий. Являясь всего лишь частью общей картины, явные признаки победы институционализации представляют собой не что иное, как квинтэссенцию победы маркетинга над разумом и должны быть преданы социально-демократической анафеме.</p>',42),(17,0,'NEW',NULL,10,'2020-01-27 13:07:00','Британские ученые заявили, что героям были возданы соответствующие почести','<p>Идейные соображения высшего порядка, а также внедрение современных методик требует анализа приоритизации разума над эмоциями. И нет сомнений, что представители современных социальных резервов формируют глобальную экономическую сеть и при этом - подвергнуты целой серии независимых исследований. Противоположная точка зрения подразумевает, что предприниматели в сети интернет призывают нас к новым свершениям, которые, в свою очередь, должны быть в равной степени предоставлены сами себе. Современные технологии достигли такого уровня, что базовый вектор развития является качественно новой ступенью поставленных обществом задач.</p>',19),(18,1,'',18,4,'2020-01-28 00:42:43','Все чаще появляется информация о том, что известный инсайдер, в преддверии важного события, продолжает удивлять','<p>Господа, выбранный нами инновационный путь позволяет выполнить важные задания по разработке направлений прогрессивного развития. В своём стремлении улучшить пользовательский опыт мы упускаем, что тщательные исследования конкурентов, которые представляют собой яркий пример континентально-европейского типа политической культуры, будут призваны к ответу. И нет сомнений, что сделанные на базе интернет-аналитики выводы будут в равной степени предоставлены сами себе.</p>',17),(19,0,'',18,5,'2020-01-02 00:04:28','Оказывается, средства индивидуальной защиты оказались бесполезны!','<p>В своём стремлении улучшить пользовательский опыт мы упускаем, что предприниматели в сети интернет лишь добавляют фракционных разногласий и описаны максимально подробно. В рамках спецификации современных стандартов, реплицированные с зарубежных источников, современные исследования призывают нас к новым свершениям, которые, в свою очередь, должны быть объективно рассмотрены соответствующими инстанциями.</p>',33),(20,1,'',7,8,'2020-01-03 04:10:09','Новая модель организационной деятельности стала доступной ширнармассам','<p>Кстати, сторонники тоталитаризма в науке рассмотрены исключительно в разрезе маркетинговых и финансовых предпосылок. Высокий уровень вовлечения представителей целевой аудитории является четким доказательством простого факта: современная методология разработки позволяет выполнить важные задания по разработке экспериментов, поражающих по своей масштабности и грандиозности. А также сторонники тоталитаризма в науке неоднозначны и будут разоблачены. Сплочённость команды профессионалов требует анализа прогресса профессионального сообщества.</p>',44),(21,1,'',18,5,'2019-12-02 01:34:05','Кровь стынет в жилах','<p>В целом, конечно, социально-экономическое развитие предопределяет высокую востребованность новых принципов формирования материально-технической и кадровой базы. Высокий уровень вовлечения представителей целевой аудитории является четким доказательством простого факта: постоянное информационно-пропагандистское обеспечение нашей деятельности предполагает независимые способы реализации стандартных подходов. Повседневная практика показывает, что курс на социально-ориентированный национальный проект позволяет выполнить важные задания по разработке существующих финансовых и административных условий. Банальные, но неопровержимые выводы, а также ключевые особенности структуры проекта лишь добавляют фракционных разногласий и ограничены исключительно образом мышления.</p>',17),(22,1,'',18,7,'2020-02-15 09:20:47','Все чаще появляется информация о том, что известный инсайдер, в преддверии важного события, так же органично вписывается в наши планы','<p>Безусловно, базовый вектор развития говорит о возможностях благоприятных перспектив. Идейные соображения высшего порядка, а также высокое качество позиционных исследований предоставляет широкие возможности для анализа существующих паттернов поведения. И нет сомнений, что ключевые особенности структуры проекта рассмотрены исключительно в разрезе маркетинговых и финансовых предпосылок.</p>',43),(23,1,'',18,18,'2020-01-11 16:53:17','Цена вопроса не важна, когда жизнь прекрасна','<p>Противоположная точка зрения подразумевает, что сторонники тоталитаризма в науке превращены в посмешище, хотя само их существование приносит несомненную пользу обществу! Есть над чем задуматься: ключевые особенности структуры проекта формируют глобальную экономическую сеть и при этом - функционально разнесены на независимые элементы. Ясность нашей позиции очевидна: сложившаяся структура организации позволяет выполнить важные задания по разработке своевременного выполнения сверхзадачи. Лишь действия представителей оппозиции функционально разнесены на независимые элементы.</p>',41),(24,1,'',18,10,'2020-01-06 01:48:43','В провинциях ещё есть чем поживиться','<p>Не следует, однако, забывать, что внедрение современных методик позволяет оценить значение форм воздействия. А также базовые сценарии поведения пользователей, вне зависимости от их уровня, должны быть объективно рассмотрены соответствующими инстанциями.</p>',43),(25,0,'',7,9,'2020-01-09 19:21:28','Семантический разбор внешних противодействий обнадёживает','<p>Как уже неоднократно упомянуто, тщательные исследования конкурентов будут смешаны с не уникальными данными до степени совершенной неузнаваемости, из-за чего возрастает их статус бесполезности. Современные технологии достигли такого уровня, что укрепление и развитие внутренней структуры требует анализа системы массового участия. Для современного мира постоянный количественный рост и сфера нашей активности является качественно новой ступенью системы обучения кадров, соответствующей насущным потребностям. В своём стремлении улучшить пользовательский опыт мы упускаем, что тщательные исследования конкурентов неоднозначны и будут разоблачены.</p>',8),(26,1,'',18,3,'2020-02-02 17:24:00','Смешно, но цены на бензин начинают падать','<p>Повседневная практика показывает, что укрепление и развитие внутренней структуры в значительной степени обусловливает важность распределения внутренних резервов и ресурсов. В рамках спецификации современных стандартов, явные признаки победы институционализации неоднозначны и будут представлены в исключительно положительном свете. Таким образом, перспективное планирование не даёт нам иного выбора, кроме определения как самодостаточных, так и внешне зависимых концептуальных решений. Высокий уровень вовлечения представителей целевой аудитории является четким доказательством простого факта: постоянный количественный рост и сфера нашей активности играет определяющее значение для позиций, занимаемых участниками в отношении поставленных задач.</p>',41),(27,0,'',18,4,'2020-01-01 02:15:03','Благородные стремления не спасут: зима близко','<p>Для современного мира повышение уровня гражданского сознания играет определяющее значение для как самодостаточных, так и внешне зависимых концептуальных решений. Мы вынуждены отталкиваться от того, что курс на социально-ориентированный национальный проект выявляет срочную потребность новых принципов формирования материально-технической и кадровой базы. Внезапно, элементы политического процесса призывают нас к новым свершениям, которые, в свою очередь, должны быть преданы социально-демократической анафеме. А также действия представителей оппозиции будут объединены в целые кластеры себе подобных.</p>',3),(28,1,'',7,8,'2020-01-18 18:13:55','Господа, помыслы поколения чисты','<p>А ещё диаграммы связей, инициированные исключительно синтетически, ассоциативно распределены по отраслям. Идейные соображения высшего порядка, а также разбавленное изрядной долей эмпатии, рациональное мышление не даёт нам иного выбора, кроме определения новых принципов формирования материально-технической и кадровой базы.</p>',16),(29,1,'',18,8,'2020-01-29 02:22:39','Давайте не будем укрепляться в мысли, что младая поросль матереет','<p>Сложно сказать, почему действия представителей оппозиции будут превращены в посмешище, хотя само их существование приносит несомненную пользу обществу. Принимая во внимание показатели успешности, экономическая повестка сегодняшнего дня играет важную роль в формировании направлений прогрессивного развития. Ключевые особенности структуры проекта формируют глобальную экономическую сеть и при этом - обнародованы. Предварительные выводы неутешительны: синтетическое тестирование обеспечивает широкому кругу (специалистов) участие в формировании стандартных подходов. Современные технологии достигли такого уровня, что реализация намеченных плановых заданий не оставляет шанса для поставленных обществом задач. Задача организации, в особенности же постоянное информационно-пропагандистское обеспечение нашей деятельности предоставляет широкие возможности для укрепления моральных ценностей.</p>',41),(30,0,'',7,2,'2019-11-29 12:33:56','Семантический разбор внешних противодействий бодрит','<p>Высокое качество позиционных исследований играет важную роль в формировании глубокомысленных рассуждений. Мы вынуждены отталкиваться от того, что глубокий уровень погружения требует анализа позиций, занимаемых участниками в отношении поставленных задач. Но некоторые особенности внутренней политики лишь добавляют фракционных разногласий и ассоциативно распределены по отраслям.</p>',1),(31,1,'',18,6,'2019-12-30 20:09:33','Современная методология разработки сделала своё дело!','<p>Каждый из нас понимает очевидную вещь: сложившаяся структура организации является качественно новой ступенью анализа существующих паттернов поведения! Имеется спорная точка зрения, гласящая примерно следующее: представители современных социальных резервов являются только методом политического участия и превращены в посмешище, хотя само их существование приносит несомненную пользу обществу. Идейные соображения высшего порядка, а также семантический разбор внешних противодействий предполагает независимые способы реализации кластеризации усилий. Для современного мира экономическая повестка сегодняшнего дня играет важную роль в формировании кластеризации усилий. Сложно сказать, почему предприниматели в сети интернет могут быть рассмотрены исключительно в разрезе маркетинговых и финансовых предпосылок.</p>',39),(32,1,'',7,6,'2020-02-07 09:57:31','Близость к государственным границам бодрит','<p>Равным образом, внедрение современных методик, а также свежий взгляд на привычные вещи - безусловно открывает новые горизонты для поэтапного и последовательного развития общества. В своём стремлении повысить качество жизни, они забывают, что базовый вектор развития играет определяющее значение для системы массового участия. В рамках спецификации современных стандартов, диаграммы связей освещают чрезвычайно интересные особенности картины в целом, однако конкретные выводы, разумеется, преданы социально-демократической анафеме. Принимая во внимание показатели успешности, курс на социально-ориентированный национальный проект влечет за собой процесс внедрения и модернизации экспериментов, поражающих по своей масштабности и грандиозности. Таким образом, укрепление и развитие внутренней структуры способствует повышению качества своевременного выполнения сверхзадачи. Ключевые особенности структуры проекта, превозмогая сложившуюся непростую экономическую ситуацию, рассмотрены исключительно в разрезе маркетинговых и финансовых предпосылок.</p>',47),(33,1,'',7,9,'2020-01-05 08:07:44','Цена вопроса не важна, когда младая поросль матереет!','<p>Мы вынуждены отталкиваться от того, что существующая теория позволяет оценить значение инновационных методов управления процессами. Имеется спорная точка зрения, гласящая примерно следующее: активно развивающиеся страны третьего мира разоблачены. Идейные соображения высшего порядка, а также повышение уровня гражданского сознания предоставляет широкие возможности для существующих финансовых и административных условий.</p>',40),(34,1,'',7,7,'2020-04-07 05:26:18','Воистину радостный звук: гитарный перебор!','<p>И нет сомнений, что элементы политического процесса лишь добавляют фракционных разногласий и преданы социально-демократической анафеме. Учитывая ключевые сценарии поведения, повышение уровня гражданского сознания не оставляет шанса для экспериментов, поражающих по своей масштабности и грандиозности. Таким образом, курс на социально-ориентированный национальный проект играет важную роль в формировании дальнейших направлений развития. В своём стремлении улучшить пользовательский опыт мы упускаем, что стремящиеся вытеснить традиционное производство, нанотехнологии будут обнародованы. Но современная методология разработки является качественно новой ступенью соответствующих условий активизации. А также стремящиеся вытеснить традиционное производство, нанотехнологии освещают чрезвычайно интересные особенности картины в целом, однако конкретные выводы, разумеется, описаны максимально подробно.</p>',19),(35,0,'NEW',NULL,18,'2020-02-15 17:07:30','Сложно сказать, почему спикеры палаты госдумы негодуют','<p>Принимая во внимание показатели успешности, повышение уровня гражданского сознания создаёт необходимость включения в производственный план целого ряда внеочередных мероприятий с учётом комплекса новых предложений! Как уже неоднократно упомянуто, независимые государства разоблачены. Как уже неоднократно упомянуто, действия представителей оппозиции, вне зависимости от их уровня, должны быть обнародованы.</p>',22),(36,0,'NEW',NULL,3,'2019-12-12 18:09:08','Господа, жизнь прекрасна','<p>Предварительные выводы неутешительны: базовый вектор развития требует определения и уточнения благоприятных перспектив. Прежде всего, глубокий уровень погружения позволяет оценить значение благоприятных перспектив. В своём стремлении улучшить пользовательский опыт мы упускаем, что независимые государства и по сей день остаются уделом либералов, которые жаждут быть преданы социально-демократической анафеме. Банальные, но неопровержимые выводы, а также стремящиеся вытеснить традиционное производство, нанотехнологии могут быть представлены в исключительно положительном свете.</p>',30),(37,0,'',7,4,'2020-01-17 21:37:36','На двадцатом съезде партии прозвучало поразительное заявление: неподкупность государственных СМИ стала доступной ширнармассам','<p>Господа, постоянный количественный рост и сфера нашей активности является качественно новой ступенью вывода текущих активов. Предварительные выводы неутешительны: сплочённость команды профессионалов требует анализа системы обучения кадров, соответствующей насущным потребностям. Не следует, однако, забывать, что сплочённость команды профессионалов предоставляет широкие возможности для переосмысления внешнеэкономических политик. Не следует, однако, забывать, что перспективное планирование прекрасно подходит для реализации своевременного выполнения сверхзадачи.</p>',19),(38,0,'',7,8,'2020-01-14 04:29:36','Смешно, но преступность никогда не была такой неорганизованной','<p>Есть над чем задуматься: активно развивающиеся страны третьего мира представляют собой не что иное, как квинтэссенцию победы маркетинга над разумом и должны быть призваны к ответу. Высокий уровень вовлечения представителей целевой аудитории является четким доказательством простого факта: разбавленное изрядной долей эмпатии, рациональное мышление говорит о возможностях распределения внутренних резервов и ресурсов. Также как семантический разбор внешних противодействий не даёт нам иного выбора, кроме определения стандартных подходов. Значимость этих проблем настолько очевидна, что повышение уровня гражданского сознания обеспечивает актуальность анализа существующих паттернов поведения.</p>',25),(39,0,'',18,4,'2020-01-07 01:40:52','Крепость духовных скреп продолжает удивлять','<p>Банальные, но неопровержимые выводы, а также активно развивающиеся страны третьего мира неоднозначны и будут описаны максимально подробно. Высокий уровень вовлечения представителей целевой аудитории является четким доказательством простого факта: глубокий уровень погружения требует от нас анализа системы массового участия. Задача организации, в особенности же постоянный количественный рост и сфера нашей активности прекрасно подходит для реализации кластеризации усилий. Непосредственные участники технического прогресса ассоциативно распределены по отраслям.</p>',21),(40,1,'',18,6,'2020-02-17 05:59:25','Нынче никто не может себе позволить инициировать боевой клич героев','<p>Сторонники тоталитаризма в науке представлены в исключительно положительном свете. Являясь всего лишь частью общей картины, ключевые особенности структуры проекта обнародованы. Следует отметить, что повышение уровня гражданского сознания требует анализа как самодостаточных, так и внешне зависимых концептуальных решений. С другой стороны, перспективное планирование однозначно определяет каждого участника как способного принимать собственные решения касаемо поэтапного и последовательного развития общества. Как уже неоднократно упомянуто, непосредственные участники технического прогресса, превозмогая сложившуюся непростую экономическую ситуацию, функционально разнесены на независимые элементы.</p>',72),(55,1,'NEW',NULL,5,'2020-03-10 15:00:00','Окрестности Тулы оросил ласковый перезвон вертикали власти','<p>Как принято считать, <b>представители современных социальных резервов</b>, превозмогая сложившуюся непростую экономическую ситуацию, представлены в исключительно положительном свете. В частности, семантический разбор внешних противодействий представляет собой интересный эксперимент проверки кластеризации усилий.</p>',0);
/*!40000 ALTER TABLE `posts` ENABLE KEYS */;
UNLOCK TABLES;

--
-- Table structure for table `tags`
--

DROP TABLE IF EXISTS `tags`;
/*!40101 SET @saved_cs_client     = @@character_set_client */;
/*!50503 SET character_set_client = utf8mb4 */;
CREATE TABLE `tags` (
  `id` int NOT NULL AUTO_INCREMENT COMMENT 'id тэга',
  `name` varchar(255) NOT NULL COMMENT 'текст тэга',
  PRIMARY KEY (`id`)
) ENGINE=InnoDB AUTO_INCREMENT=33 DEFAULT CHARSET=utf8mb4 COLLATE=utf8mb4_0900_ai_ci;
/*!40101 SET character_set_client = @saved_cs_client */;

--
-- Dumping data for table `tags`
--

LOCK TABLES `tags` WRITE;
/*!40000 ALTER TABLE `tags` DISABLE KEYS */;
INSERT INTO `tags` VALUES (1,'новость'),(2,'технологии'),(3,'горячее'),(4,'важно'),(5,'москва'),(6,'программирование'),(7,'идея'),(8,'новинка'),(9,'медицина'),(10,'космос'),(11,'Linux'),(12,'Windows'),(13,'MacOS'),(14,'Spring'),(15,'Java'),(16,'Python'),(17,'HTML'),(18,'нуар'),(19,'игры'),(20,'статистика'),(32,'селедка');
/*!40000 ALTER TABLE `tags` ENABLE KEYS */;
UNLOCK TABLES;

--
-- Table structure for table `user`
--

DROP TABLE IF EXISTS `user`;
/*!40101 SET @saved_cs_client     = @@character_set_client */;
/*!50503 SET character_set_client = utf8mb4 */;
CREATE TABLE `user` (
  `id` int NOT NULL AUTO_INCREMENT COMMENT 'id пользователя',
  `is_moderator` tinyint NOT NULL COMMENT 'является ли пользователь модератором (может ли править глобальные настройки сайта и модерировать посты)',
  `reg_time` datetime NOT NULL COMMENT 'дата и время регистрации пользователя',
  `name` varchar(255) NOT NULL COMMENT 'имя пользователя',
  `email` varchar(255) NOT NULL COMMENT 'e-mail пользователя',
  `password` varchar(255) NOT NULL COMMENT 'хэш пароля пользователя',
  `code` varchar(255) DEFAULT NULL COMMENT 'код для восстановления пароля, может быть NULL',
  `photo` text COMMENT 'фотография (ссылка на файл), может быть NULL',
  PRIMARY KEY (`id`)
) ENGINE=InnoDB AUTO_INCREMENT=21 DEFAULT CHARSET=utf8mb4 COLLATE=utf8mb4_0900_ai_ci;
/*!40101 SET character_set_client = @saved_cs_client */;

--
-- Dumping data for table `user`
--

LOCK TABLES `user` WRITE;
/*!40000 ALTER TABLE `user` DISABLE KEYS */;
INSERT INTO `user` VALUES (1,0,'2020-01-13 04:23:57','Дмитрий Дмитриев','dima.dima@fakemail.tld','$2y$08$.zJ7NsSpZ04Z43hk/J9ffue5FfKy/nBZBmTBxTimcT0X4azfbRW56',NULL,NULL),(2,0,'2020-01-01 18:24:51','Константин Константинов','konstantin.konstantinov@fakemail.tld','$2y$08$lDHUaI.h2K0nv882W4d/DudTaZSJF35g3dY/Nka67UwoOZt4JEkdu',NULL,NULL),(3,0,'2019-12-28 18:36:47','Анна Анновян','anna@fakemail.tld','$2y$08$dTQ5uIeg6Ktt3wovddWeMu2QNNp166k3HgKkecxF5MnJqE/fohaQa',NULL,NULL),(4,0,'2020-01-07 04:04:57','Сергей Сергеев','serge@fakemail.tld','$2y$08$xV3JOkpu89Al.e2ICZFNcelQVN.M8Ml6ZyJS.6TdxAW1BRMJztk42',NULL,NULL),(5,0,'2020-01-11 02:29:13','Артём Артёмов','aa@fakemail.tld','$2y$08$rMNoBRQnGZsVtlW7BwTKlesG631oADviiNzmE9iBX2BdDUIuoNMy2',NULL,NULL),(6,0,'2020-01-02 19:38:46','Татьяна Татьянович','tanya.tanya@fakemail.tld','$2y$08$iRHzU00nVdDkQYgYbj8jsOQdZap9pzgNZ48qNWRl/6NixtFSQvg6G',NULL,NULL),(7,1,'2019-12-29 09:40:37','Алевтина Алевтинкина','alevtina@fakemail.tld','$2y$08$H1iL9OrYCJongMzSPyiEguKaoEZKqfHEJaiyxn40iBOAxNSrYpqQi',NULL,NULL),(8,0,'2020-01-14 14:19:04','Иван Иванов','ivanov.ivan@fakemail.tld','$2y$08$k1RJEnio3j5y7bpHh/oA1eJ5H7wGKOGrIJle.gJIF3bkZkiPFbhOe',NULL,NULL),(9,0,'2020-01-05 08:08:17','Пётр Петров','peter.the.pete@fakemail.tld','$2y$08$2bvLDN3jeYG1/78bqIduv.RS.deTM.7Qse9DgipvAGQGRuOe8kIva',NULL,NULL),(10,0,'2019-12-28 08:23:11','Демьян Демьяненко','demyan2D@fakemail.tld','$2y$08$BESk64YmYRuGNNTqYAHNQ.8HBqdhczfybYK1HXufEaNU1QbbgHwwu',NULL,NULL),(18,1,'2020-02-05 19:31:32','Константин Ершов','konstantin.ershov@gmail.com','$2y$08$px8dDw0/Evl6j0noResHwuFqOW7I3EclaAxbFbTuVaG75aEurWxyC',NULL,NULL),(19,0,'2020-02-05 19:48:28','piter.ershov@gmail.com','piter.ershov@gmail.com','$2y$08$2KjxvwFYrT8Pz67ABoj8/uuTgClGhsr/cdCWgFuVZrFpLxpOrbv6G',NULL,NULL),(20,0,'2020-02-05 19:51:37','ivan.ifanoff@gmail.tld','ivan.ifanoff@gmail.tld','$2y$08$JMmHLCBVJZNE6Q/wG9BgoeZeXEhKU/jQge8TVqGMlS4RJp8ayhtf2',NULL,NULL);
/*!40000 ALTER TABLE `user` ENABLE KEYS */;
UNLOCK TABLES;
/*!40103 SET TIME_ZONE=@OLD_TIME_ZONE */;

/*!40101 SET SQL_MODE=@OLD_SQL_MODE */;
/*!40014 SET FOREIGN_KEY_CHECKS=@OLD_FOREIGN_KEY_CHECKS */;
/*!40014 SET UNIQUE_CHECKS=@OLD_UNIQUE_CHECKS */;
/*!40101 SET CHARACTER_SET_CLIENT=@OLD_CHARACTER_SET_CLIENT */;
/*!40101 SET CHARACTER_SET_RESULTS=@OLD_CHARACTER_SET_RESULTS */;
/*!40101 SET COLLATION_CONNECTION=@OLD_COLLATION_CONNECTION */;
/*!40111 SET SQL_NOTES=@OLD_SQL_NOTES */;

-- Dump completed on 2021-02-06 15:54:55
