<?xml version="1.0" encoding="UTF-8"?>
<databaseChangeLog
        xmlns="http://www.liquibase.org/xml/ns/dbchangelog"
        xmlns:xsi="http://www.w3.org/2001/XMLSchema-instance"
        xsi:schemaLocation="http://www.liquibase.org/xml/ns/dbchangelog
                      http://www.liquibase.org/xml/ns/dbchangelog/dbchangelog-3.8.xsd">

    <changeSet id="3" author="MinenkoVS">
        <sqlFile dbms="mysql"
                 encoding="UTF-8"
                 endDelimiter="\nGO"
                 relativeToChangelogFile="true"
                 splitStatements="true"
                 stripComments="true"
                 path="20-create-post_comments-table.sql"/>

        <createTable tableName="post_comments">
            <column name="id" type="int" autoIncrement="true" >
                <constraints nullable ="false" primaryKey = "true"/>
            </column>
            <column name="text" type="text">
                <constraints nullable="false"/>
            </column>
            <column name="time" type="DATETIME(6)">
                <constraints nullable="false"/>
            </column>
            <column name="parent_id" type="int">
            </column>
            <column name="post_id" type="int">
                <constraints nullable="false"/>
            </column>
            <column name="user_id" type="int">
                <constraints nullable="false"/>
            </column>
        </createTable>
        <rollback>
            <sqlFile dbms="mysql"
                     encoding="UTF-8"
                     endDelimiter="\nGO"
                     relativeToChangelogFile="true"
                     splitStatements="true"
                     stripComments="true"
                     path="20-drop-post_comments-table.sql"/>
        </rollback>
    </changeSet>
</databaseChangeLog>