<?xml version="1.0" encoding="UTF-8"?>
<databaseChangeLog
        xmlns="http://www.liquibase.org/xml/ns/dbchangelog"
        xmlns:xsi="http://www.w3.org/2001/XMLSchema-instance"
        xsi:schemaLocation="http://www.liquibase.org/xml/ns/dbchangelog
                      http://www.liquibase.org/xml/ns/dbchangelog/dbchangelog-3.8.xsd">
    <changeSet id="5" author="MinenkoVS">
        <sqlFile dbms="mysql"
                 encoding="UTF-8"
                 endDelimiter="\nGO"
                 relativeToChangelogFile="true"
                 splitStatements="true"
                 stripComments="true"
                 path="40-create-post_votes-table.sql"/>

        <createTable tableName="post_votes">
        <column name="id" type="int" autoIncrement="true" >
            <constraints nullable ="false" primaryKey = "true"/>
        </column>
        <column name="user_id" type="int">
            <constraints nullable="false"/>
        </column>
        <column name="post_id" type="int">
            <constraints nullable="false"/>
        </column>
        <column name="time" type="DATETIME(6)">
            <constraints nullable="false"/>
        </column>
        <column name="value" type="tinyint">
            <constraints nullable="false"/>
        </column>

        </createTable>
        <rollback>
            <sqlFile dbms="mysql"
                     encoding="UTF-8"
                     endDelimiter="\nGO"
                     relativeToChangelogFile="true"
                     splitStatements="true"
                     stripComments="true"
                     path="40-drop-post_votes-table.sql"/>
        </rollback>
    </changeSet>
</databaseChangeLog>