<?xml version="1.0" encoding="UTF-8"?>
<databaseChangeLog
        xmlns="http://www.liquibase.org/xml/ns/dbchangelog"
        xmlns:xsi="http://www.w3.org/2001/XMLSchema-instance"
        xsi:schemaLocation="http://www.liquibase.org/xml/ns/dbchangelog
                      http://www.liquibase.org/xml/ns/dbchangelog/dbchangelog-3.8.xsd">
    <changeSet id="" author="MinenkoVS">
        <sqlFile dbms="mysql"
                 encoding="UTF-8"
                 endDelimiter="\nGO"
                 relativeToChangelogFile="true"
                 splitStatements="true"
                 stripComments="true"
                 path="60-create-users-table.sql"/>

        <createTable tableName="users">
            <column name="id" type="int" autoIncrement="true" >
                <constraints nullable ="false" primaryKey = "true"/>
            </column>
            <column name="is_moderator" type="TINYINT">
                <constraints nullable="false"/>
            </column>
            <column name="reg_time" type="DATETIME">
                <constraints nullable="false"/>
            </column>
            <column name="name" type="VARCHAR(255)">
                <constraints nullable="false"/>
            </column>
            <column name="email" type="VARCHAR(255)">
                <constraints nullable="false"/>
            </column>
            <column name="password" type="VARCHAR(255)">
                <constraints nullable="false"/>
            </column>
            <column name="code" type="VARCHAR(255)">
                <constraints nullable="false"/>
            </column>
            <column name="photo" type="text">
                <constraints nullable="false"/>
            </column>
        </createTable>
        <rollback>
            <sqlFile dbms="mysql"
                     encoding="UTF-8"
                     endDelimiter="\nGO"
                     relativeToChangelogFile="true"
                     splitStatements="true"
                     stripComments="true"
                     path="60-drop-users-table.sql"/>
        </rollback>



    </changeSet>
</databaseChangeLog>